{
	"RunDate": "2022-01-06T13:28:16.343928-06:00",
	"NRDiagVersion": "2.0.0",
	"Configuration": {
		"Verbose": false,
		"Quiet": false,
		"VeryQuiet": false,
		"YesToAll": false,
		"ShowOverrideHelp": false,
		"AutoAttach": false,
		"ProxySpecified": false,
		"SkipVersionCheck": false,
		"Tasks": "",
		"AttachmentKey": "",
		"ConfigFile": "",
		"Override": "",
		"OutputPath": "./",
		"Filter": "success,warning,failure,error,info",
		"BrowserURL": "",
		"Suites": ""
	},
	"Results": [
		{
			"Identifier": {
				"Category": "Base",
				"Subcategory": "Env",
				"Name": "CollectEnvVars"
			},
			"Override": false,
			"Result": {
				"Status": "Info",
				"Summary": "Gathered Environment variables of current shell.",
				"URL": "",
				"FilesToCopy": null,
				"Payload": {
					"HOME": "/Users/bartminczuk",
					"PATH": "/Users/bartminczuk/.rvm/gems/ruby-2.6.1/bin:/Users/bartminczuk/.rvm/gems/ruby-2.6.1@global/bin:/Users/bartminczuk/.rvm/rubies/ruby-2.6.1/bin:/Users/bartminczuk/.rvm/bin:/usr/local/bin:/usr/bin:/bin:/usr/sbin:/sbin:/Users/bartminczuk/.yarn/bin:/Users/bartminczuk/.config/yarn/global/node_modules/.bin:/Users/bartminczuk/.nvm/versions/node/v15.0.1/bin:/Applications/Postgres.app/Contents/Versions/latest/bin:/usr/local:/usr/local/sbin"
				}
			}
		},
		{
			"Identifier": {
				"Category": "Base",
				"Subcategory": "Env",
				"Name": "CollectSysProps"
			},
			"Override": false,
			"Result": {
				"Status": "None",
				"Summary": "No new relic system properties were found",
				"URL": "",
				"FilesToCopy": null,
				"Payload": null
			}
		},
		{
			"Identifier": {
				"Category": "Base",
				"Subcategory": "Config",
				"Name": "Collect"
			},
			"Override": false,
			"Result": {
				"Status": "Success",
				"Summary": "There were 1 config file(s) found",
				"URL": "",
				"FilesToCopy": [
					{
						"Path": "/Users/bartminczuk/Flatiron/Mod5-Project/FlySpot-Backend/config/newrelic.yml",
						"Name": "./newrelic.yml",
						"StoredName": "newrelic.yml",
						"Streamed": false,
						"Identifier": ""
					}
				],
				"Payload": [
					{
						"FileName": "newrelic.yml",
						"FilePath": "/Users/bartminczuk/Flatiron/Mod5-Project/FlySpot-Backend/config/"
					}
				]
			}
		},
		{
			"Identifier": {
				"Category": "Base",
				"Subcategory": "Config",
				"Name": "Validate"
			},
			"Override": false,
			"Result": {
				"Status": "Success",
				"Summary": "Successfully parsed config file(s) - See json for full detail",
				"URL": "",
				"FilesToCopy": null,
				"Payload": [
					{
						"FileName": "newrelic.yml",
						"FilePath": "/Users/bartminczuk/Flatiron/Mod5-Project/FlySpot-Backend/config/",
						"Status": "Success",
						"Error": ""
					}
				]
			}
		},
		{
			"Identifier": {
				"Category": "Base",
				"Subcategory": "Log",
				"Name": "Copy"
			},
			"Override": false,
			"Result": {
				"Status": "Success",
				"Summary": "Succesfully collected one or more New Relic Log file(s). Those file names will be listed in the nrdiag-output.json, under the payload section with the field 'CanCollect' set to true.\n",
				"URL": "",
				"FilesToCopy": [
					{
						"Path": "/Users/bartminczuk/Flatiron/Mod5-Project/FlySpot-Backend/log/newrelic_agent.log",
						"Name": "Base/Log/newrelic_agent.log",
						"Streamed": false
					}
				],
				"Payload": [
					{
						"FileName": "newrelic_agent.log",
						"FilePath": "/Users/bartminczuk/Flatiron/Mod5-Project/FlySpot-Backend/log/",
						"Source": {
							"FoundBy": "Found by looking at standard locations",
							"KeyVals": null,
							"FullPath": "/Users/bartminczuk/Flatiron/Mod5-Project/FlySpot-Backend/log/newrelic_agent.log"
						},
						"IsSecureLocation": false,
						"CanCollect": true,
						"ReasonToNotCollect": ""
					}
				]
			}
		},
		{
			"Identifier": {
				"Category": "Infra",
				"Subcategory": "Config",
				"Name": "Agent"
			},
			"Override": false,
			"Result": {
				"Status": "None",
				"Summary": "New Relic configuration not detected for this specific agent at the location where Diagnostics CLI was ran. This will stop other health checks (targetting this agent) from running. If you are attempting to troubleshoot for this specific agent, re-run Diagnostics CLI using the command-line option '-config-file' to point to the path to this agent configuration file.",
				"URL": "",
				"FilesToCopy": null,
				"Payload": null
			}
		},
		{
			"Identifier": {
				"Category": "Infra",
				"Subcategory": "Config",
				"Name": "DataDirectoryCollect"
			},
			"Override": false,
			"Result": {
				"Status": "None",
				"Summary": "No New Relic Infrastructure agent detected",
				"URL": "",
				"FilesToCopy": null,
				"Payload": null
			}
		},
		{
			"Identifier": {
				"Category": "Infra",
				"Subcategory": "Log",
				"Name": "LevelCheck"
			},
			"Override": false,
			"Result": {
				"Status": "None",
				"Summary": "Infrastructure Agent config not present",
				"URL": "",
				"FilesToCopy": null,
				"Payload": null
			}
		},
		{
			"Identifier": {
				"Category": "DotNetCore",
				"Subcategory": "Agent",
				"Name": "Installed"
			},
			"Override": false,
			"Result": {
				"Status": "None",
				"Summary": "The .NET CoreCLR agent is not installed in: /usr/local/newrelic-netcore20-agent/",
				"URL": "",
				"FilesToCopy": null,
				"Payload": null
			}
		},
		{
			"Identifier": {
				"Category": "DotNetCore",
				"Subcategory": "Env",
				"Name": "Versions"
			},
			"Override": false,
			"Result": {
				"Status": "Error",
				"Summary": "Unable to complete this health check because we ran into some unexpected errors when attempting to collect this application's .NET Core SDK version:\nUnable to run 'dotnet --version':\n%w\nexec: \"dotnet\": executable file not found in $PATH",
				"URL": "",
				"FilesToCopy": null,
				"Payload": null
			}
		},
		{
			"Identifier": {
				"Category": "DotNetCore",
				"Subcategory": "Env",
				"Name": "Process"
			},
			"Override": false,
			"Result": {
				"Status": "None",
				"Summary": "Did not detect .Net Core as being installed, skipping this task.",
				"URL": "",
				"FilesToCopy": null,
				"Payload": null
			}
		},
		{
			"Identifier": {
				"Category": "Base",
				"Subcategory": "Containers",
				"Name": "DetectDocker"
			},
			"Override": false,
			"Result": {
				"Status": "None",
				"Summary": "Error retrieving Docker Daemon info: exec: \"docker\": executable file not found in $PATH - ",
				"URL": "",
				"FilesToCopy": null,
				"Payload": {
					"Driver": "",
					"ServerVersion": "",
					"MemTotal": 0,
					"NCPU": 0
				}
			}
		},
		{
			"Identifier": {
				"Category": "Synthetics",
				"Subcategory": "Minion",
				"Name": "DetectCPM"
			},
			"Override": false,
			"Result": {
				"Status": "None",
				"Summary": "Docker Daemon not available to detect CPM",
				"URL": "",
				"FilesToCopy": null,
				"Payload": null
			}
		},
		{
			"Identifier": {
				"Category": "Synthetics",
				"Subcategory": "Minion",
				"Name": "CollectLogs"
			},
			"Override": false,
			"Result": {
				"Status": "None",
				"Summary": "No CPMs detected to collect logs from",
				"URL": "",
				"FilesToCopy": null,
				"Payload": null
			}
		},
		{
			"Identifier": {
				"Category": "Browser",
				"Subcategory": "Agent",
				"Name": "GetSource"
			},
			"Override": false,
			"Result": {
				"Status": "None",
				"Summary": "This health check requires the usage of the command option '-browser-url'. Please re-run Diagnostics CLI using the flag in this manner: ./nrdiag -browser-url http://YOUR-WEBSITE-URL -suites browser",
				"URL": "",
				"FilesToCopy": null,
				"Payload": null
			}
		},
		{
			"Identifier": {
				"Category": "Base",
				"Subcategory": "Env",
				"Name": "HostInfo"
			},
			"Override": false,
			"Result": {
				"Status": "Info",
				"Summary": "Collected host information",
				"URL": "",
				"FilesToCopy": null,
				"Payload": {
					"Hostname": "MacBook-Pro.lan",
					"OS": "darwin",
					"Platform": "darwin",
					"PlatformFamily": "Standalone Workstation",
					"PlatformVersion": "12.0.1",
					"KernelVersion": "21.1.0",
					"KernelArch": "x86_64",
					"CPUs": [
						{
							"Cores": 4,
							"Mhz": 2000
						}
					],
					"TotalVirtualMemoryMB": 16384
				}
			}
		},
		{
			"Identifier": {
				"Category": "Base",
				"Subcategory": "Config",
				"Name": "ProxyDetect"
			},
			"Override": false,
			"Result": {
				"Status": "None",
				"Summary": "No proxy server settings found for this app",
				"URL": "",
				"FilesToCopy": null,
				"Payload": null
			}
		},
		{
			"Identifier": {
				"Category": "Base",
				"Subcategory": "Config",
				"Name": "AppName"
			},
			"Override": false,
			"Result": {
				"Status": "Success",
				"Summary": "1 unique application name(s) found: Flyspot",
				"URL": "",
				"FilesToCopy": null,
				"Payload": [
					{
						"Name": "Flyspot",
						"FilePath": "/Users/bartminczuk/Flatiron/Mod5-Project/FlySpot-Backend/config/newrelic.yml"
					}
				]
			}
		},
		{
			"Identifier": {
				"Category": "Base",
				"Subcategory": "Config",
				"Name": "LicenseKey"
			},
			"Override": false,
			"Result": {
				"Status": "Success",
				"Summary": "1 unique New Relic license key(s) found.",
				"URL": "",
				"FilesToCopy": null,
				"Payload": [
					{
						"Value": "db1867992116b92e330b7f244bbc70b703abNRAL",
						"Source": "/Users/bartminczuk/Flatiron/Mod5-Project/FlySpot-Backend/config/newrelic.yml"
					}
				]
			}
		},
		{
			"Identifier": {
				"Category": "Base",
				"Subcategory": "Config",
				"Name": "ValidateLicenseKey"
			},
			"Override": false,
			"Result": {
				"Status": "Success",
				"Summary": "We validated 1 license key(s):\nThe license key found in /Users/bartminczuk/Flatiron/Mod5-Project/FlySpot-Backend/config/newrelic.yml passed our validation check when verifying against your account:\n db1867992116b92e330b7f244bbc70b703abNRAL\nNote: If your agent is reporting an 'Invalid license key' log entry for this valid License key, reach out to New Relic support to verify any issues in our end.\n\n",
				"URL": "",
				"FilesToCopy": null,
				"Payload": {
					"db1867992116b92e330b7f244bbc70b703abNRAL": [
						"/Users/bartminczuk/Flatiron/Mod5-Project/FlySpot-Backend/config/newrelic.yml"
					]
				}
			}
		},
		{
			"Identifier": {
				"Category": "Base",
				"Subcategory": "Config",
				"Name": "RegionDetect"
			},
			"Override": false,
			"Result": {
				"Status": "Info",
				"Summary": "1 unique New Relic region(s) detected from config.",
				"URL": "",
				"FilesToCopy": null,
				"Payload": [
					"us01"
				]
			}
		},
		{
			"Identifier": {
				"Category": "Base",
				"Subcategory": "Collector",
				"Name": "ConnectEU"
			},
			"Override": false,
			"Result": {
				"Status": "None",
				"Summary": "EU Region not detected, skipping EU collector connect check",
				"URL": "",
				"FilesToCopy": null,
				"Payload": null
			}
		},
		{
			"Identifier": {
				"Category": "Node",
				"Subcategory": "Config",
				"Name": "Agent"
			},
			"Override": false,
			"Result": {
				"Status": "None",
				"Summary": "New Relic configuration not detected for this specific agent at the location where Diagnostics CLI was ran. This will stop other health checks (targetting this agent) from running. If you are attempting to troubleshoot for this specific agent, re-run Diagnostics CLI using the command-line option '-config-file' to point to the path to this agent configuration file.",
				"URL": "",
				"FilesToCopy": null,
				"Payload": null
			}
		},
		{
			"Identifier": {
				"Category": "Node",
				"Subcategory": "Env",
				"Name": "Version"
			},
			"Override": false,
			"Result": {
				"Status": "None",
				"Summary": "Node agent config file not detected. This task did not run",
				"URL": "",
				"FilesToCopy": null,
				"Payload": null
			}
		},
		{
			"Identifier": {
				"Category": "Node",
				"Subcategory": "Env",
				"Name": "NpmVersion"
			},
			"Override": false,
			"Result": {
				"Status": "None",
				"Summary": "Node.js was not detected. This task didn't run.",
				"URL": "",
				"FilesToCopy": null,
				"Payload": null
			}
		},
		{
			"Identifier": {
				"Category": "DotNetCore",
				"Subcategory": "CustomInstrumentation",
				"Name": "Collect"
			},
			"Override": false,
			"Result": {
				"Status": "None",
				"Summary": ".NET Core Agent not installed, not checking for custom instrumentation files",
				"URL": "",
				"FilesToCopy": null,
				"Payload": null
			}
		},
		{
			"Identifier": {
				"Category": "Base",
				"Subcategory": "Log",
				"Name": "ReportingTo"
			},
			"Override": false,
			"Result": {
				"Status": "Success",
				"Summary": "Found a reporting to.",
				"URL": "",
				"FilesToCopy": null,
				"Payload": [
					{
						"Logfile": "/Users/bartminczuk/Flatiron/Mod5-Project/FlySpot-Backend/log/newrelic_agent.log",
						"ReportingTo": [
							"https://rpm.newrelic.com/accounts/3381233/applications/535339695"
						]
					}
				]
			}
		},
		{
			"Identifier": {
				"Category": "Infra",
				"Subcategory": "Config",
				"Name": "IntegrationsCollect"
			},
			"Override": false,
			"Result": {
				"Status": "None",
				"Summary": "No Infra Agent detected. Task not executed.",
				"URL": "",
				"FilesToCopy": null,
				"Payload": null
			}
		},
		{
			"Identifier": {
				"Category": "Infra",
				"Subcategory": "Config",
				"Name": "IntegrationsValidate"
			},
			"Override": false,
			"Result": {
				"Status": "None",
				"Summary": "No On-host Integration config and definitions files were collected. Task not executed.",
				"URL": "",
				"FilesToCopy": null,
				"Payload": null
			}
		},
		{
			"Identifier": {
				"Category": "Infra",
				"Subcategory": "Config",
				"Name": "IntegrationsValidateJson"
			},
			"Override": false,
			"Result": {
				"Status": "None",
				"Summary": "Task did not meet requirements necessary to run: no validated integrations",
				"URL": "",
				"FilesToCopy": null,
				"Payload": null
			}
		},
		{
			"Identifier": {
				"Category": "Infra",
				"Subcategory": "Agent",
				"Name": "Connect"
			},
			"Override": false,
			"Result": {
				"Status": "None",
				"Summary": "Infrastructure Agent config not present.",
				"URL": "",
				"FilesToCopy": null,
				"Payload": null
			}
		},
		{
			"Identifier": {
				"Category": "Android",
				"Subcategory": "Agent",
				"Name": "Detect"
			},
			"Override": false,
			"Result": {
				"Status": "None",
				"Summary": "Android environment not detected",
				"URL": "",
				"FilesToCopy": null,
				"Payload": null
			}
		},
		{
			"Identifier": {
				"Category": "Base",
				"Subcategory": "Env",
				"Name": "DetectAWS"
			},
			"Override": false,
			"Result": {
				"Status": "None",
				"Summary": "AWS metadata endpoint timeout",
				"URL": "",
				"FilesToCopy": null,
				"Payload": null
			}
		},
		{
			"Identifier": {
				"Category": "Base",
				"Subcategory": "Env",
				"Name": "DetectAzure"
			},
			"Override": false,
			"Result": {
				"Status": "None",
				"Summary": "Detected that this is not an Azure environment.",
				"URL": "",
				"FilesToCopy": null,
				"Payload": null
			}
		},
		{
			"Identifier": {
				"Category": "Java",
				"Subcategory": "JVM",
				"Name": "VendorsVersions"
			},
			"Override": false,
			"Result": {
				"Status": "None",
				"Summary": "This task did not detect any running Java processes on this system.",
				"URL": "",
				"FilesToCopy": null,
				"Payload": null
			}
		},
		{
			"Identifier": {
				"Category": "Infra",
				"Subcategory": "Agent",
				"Name": "Version"
			},
			"Override": false,
			"Result": {
				"Status": "None",
				"Summary": "Task did not meet requirements necessary to run: Infrastructure Agent not detected on system",
				"URL": "",
				"FilesToCopy": null,
				"Payload": null
			}
		},
		{
			"Identifier": {
				"Category": "Ruby",
				"Subcategory": "Config",
				"Name": "Agent"
			},
			"Override": false,
			"Result": {
				"Status": "Success",
				"Summary": "Ruby agent identified as present on system",
				"URL": "",
				"FilesToCopy": null,
				"Payload": [
					{
						"FileName": "newrelic.yml",
						"FilePath": "/Users/bartminczuk/Flatiron/Mod5-Project/FlySpot-Backend/config/",
						"Status": "Success",
						"Error": ""
					}
				]
			}
		},
		{
			"Identifier": {
				"Category": "Ruby",
				"Subcategory": "Env",
				"Name": "Process"
			},
			"Override": false,
			"Result": {
				"Status": "Success",
				"Summary": "",
				"URL": "",
				"FilesToCopy": null,
				"Payload": null
			}
		},
		{
			"Identifier": {
				"Category": "DotNetCore",
				"Subcategory": "Requirements",
				"Name": "OS"
			},
			"Override": false,
			"Result": {
				"Status": "None",
				"Summary": "Did not detect .Net Core Agent as being installed, skipping this task.",
				"URL": "",
				"FilesToCopy": null,
				"Payload": null
			}
		},
		{
			"Identifier": {
				"Category": "Base",
				"Subcategory": "Collector",
				"Name": "ConnectUS"
			},
			"Override": false,
			"Result": {
				"Status": "Success",
				"Summary": "Status Code = 200 Body = mongrel ==\u003e up\n",
				"URL": "",
				"FilesToCopy": null,
				"Payload": null
			}
		},
		{
			"Identifier": {
				"Category": "iOS",
				"Subcategory": "Env",
				"Name": "Detect"
			},
			"Override": false,
			"Result": {
				"Status": "None",
				"Summary": "iOS environment not detected",
				"URL": "",
				"FilesToCopy": null,
				"Payload": null
			}
		},
		{
			"Identifier": {
				"Category": "iOS",
				"Subcategory": "Agent",
				"Name": "Version"
			},
			"Override": false,
			"Result": {
				"Status": "None",
				"Summary": "Task did not meet requirements necessary to run: iOS environment not detected.",
				"URL": "",
				"FilesToCopy": null,
				"Payload": null
			}
		},
		{
			"Identifier": {
				"Category": "DotNetCore",
				"Subcategory": "Config",
				"Name": "Agent"
			},
			"Override": false,
			"Result": {
				"Status": "None",
				"Summary": ".NET Core Agent not installed, not checking config",
				"URL": "",
				"FilesToCopy": null,
				"Payload": null
			}
		},
		{
			"Identifier": {
				"Category": "Infra",
				"Subcategory": "Log",
				"Name": "Collect"
			},
			"Override": false,
			"Result": {
				"Status": "None",
				"Summary": "Not executing task. Infra agent not found.",
				"URL": "",
				"FilesToCopy": null,
				"Payload": null
			}
		},
		{
			"Identifier": {
				"Category": "Infra",
				"Subcategory": "Config",
				"Name": "IntegrationsMatch"
			},
			"Override": false,
			"Result": {
				"Status": "None",
				"Summary": "Task did not meet requirements necessary to run: no validated integrations",
				"URL": "",
				"FilesToCopy": null,
				"Payload": null
			}
		},
		{
			"Identifier": {
				"Category": "Java",
				"Subcategory": "Config",
				"Name": "Agent"
			},
			"Override": false,
			"Result": {
				"Status": "None",
				"Summary": "New Relic configuration not detected for this specific agent at the location where Diagnostics CLI was ran. This will stop other health checks (targetting this agent) from running. If you are attempting to troubleshoot for this specific agent, re-run Diagnostics CLI using the command-line option '-config-file' to point to the path to this agent configuration file.",
				"URL": "",
				"FilesToCopy": null,
				"Payload": null
			}
		},
		{
			"Identifier": {
				"Category": "Java",
				"Subcategory": "Env",
				"Name": "Version"
			},
			"Override": false,
			"Result": {
				"Status": "None",
				"Summary": "",
				"URL": "",
				"FilesToCopy": null,
				"Payload": null
			}
		},
		{
			"Identifier": {
				"Category": "Infra",
				"Subcategory": "Config",
				"Name": "ValidateJMX"
			},
			"Override": false,
			"Result": {
				"Status": "None",
				"Summary": "No On-host Integration config and definitions files were collected. Task not executed.",
				"URL": "",
				"FilesToCopy": null,
				"Payload": null
			}
		},
		{
			"Identifier": {
				"Category": "Infra",
				"Subcategory": "Env",
				"Name": "NrjmxMbeans"
			},
			"Override": false,
			"Result": {
				"Status": "None",
				"Summary": "No jmx-config.yml was found or Infra/Config/ValidateJMX did not pass our validation (in which case, the issue will need to be resolved first before this task can be executed.)",
				"URL": "",
				"FilesToCopy": null,
				"Payload": null
			}
		},
		{
			"Identifier": {
				"Category": "Java",
				"Subcategory": "Config",
				"Name": "ValidateSettings"
			},
			"Override": false,
			"Result": {
				"Status": "None",
				"Summary": "No config files found",
				"URL": "",
				"FilesToCopy": null,
				"Payload": null
			}
		},
		{
			"Identifier": {
				"Category": "Ruby",
				"Subcategory": "Config",
				"Name": "Collect"
			},
			"Override": false,
			"Result": {
				"Status": "Success",
				"Summary": "Successfully added.",
				"URL": "",
				"FilesToCopy": [
					{
						"Path": "/Users/bartminczuk/Flatiron/Mod5-Project/FlySpot-Backend/Gemfile.lock",
						"Name": "./Gemfile.lock",
						"StoredName": "Gemfile.lock",
						"Streamed": false,
						"Identifier": ""
					},
					{
						"Path": "/Users/bartminczuk/Flatiron/Mod5-Project/FlySpot-Backend/Gemfile",
						"Name": "./Gemfile",
						"StoredName": "Gemfile",
						"Streamed": false,
						"Identifier": ""
					}
				],
				"Payload": [
					"/Users/bartminczuk/Flatiron/Mod5-Project/FlySpot-Backend/Gemfile.lock",
					"/Users/bartminczuk/Flatiron/Mod5-Project/FlySpot-Backend/Gemfile"
				]
			}
		},
		{
			"Identifier": {
				"Category": "Node",
				"Subcategory": "Env",
				"Name": "NpmPackage"
			},
			"Override": false,
			"Result": {
				"Status": "None",
				"Summary": "Node agent config file not detected. This task did not run",
				"URL": "",
				"FilesToCopy": null,
				"Payload": null
			}
		},
		{
			"Identifier": {
				"Category": "Ruby",
				"Subcategory": "Env",
				"Name": "Version"
			},
			"Override": false,
			"Result": {
				"Status": "Info",
				"Summary": "ruby 2.6.1p33 (2019-01-30 revision 66950) [x86_64-darwin19]",
				"URL": "",
				"FilesToCopy": null,
				"Payload": "ruby 2.6.1p33 (2019-01-30 revision 66950) [x86_64-darwin19]"
			}
		},
		{
			"Identifier": {
				"Category": "Ruby",
				"Subcategory": "Agent",
				"Name": "Version"
			},
			"Override": false,
			"Result": {
				"Status": "Info",
				"Summary": "8.2.0.0",
				"URL": "",
				"FilesToCopy": null,
				"Payload": [
					{
						"Major": 8,
						"Minor": 2,
						"Patch": 0,
						"Build": 0
					}
				]
			}
		},
		{
			"Identifier": {
				"Category": "Ruby",
				"Subcategory": "Requirements",
				"Name": "Version"
			},
			"Override": false,
			"Result": {
				"Status": "Success",
				"Summary": "Compatible Version detected: 8.2.0.0\n",
				"URL": "",
				"FilesToCopy": null,
				"Payload": null
			}
		},
		{
			"Identifier": {
				"Category": "PHP",
				"Subcategory": "Config",
				"Name": "Agent"
			},
			"Override": false,
			"Result": {
				"Status": "None",
				"Summary": "New Relic configuration not detected for this specific agent at the location where Diagnostics CLI was ran. This will stop other health checks (targetting this agent) from running. If you are attempting to troubleshoot for this specific agent, re-run Diagnostics CLI using the command-line option '-config-file' to point to the path to this agent configuration file.",
				"URL": "",
				"FilesToCopy": null,
				"Payload": null
			}
		},
		{
			"Identifier": {
				"Category": "PHP",
				"Subcategory": "Agent",
				"Name": "Version"
			},
			"Override": false,
			"Result": {
				"Status": "None",
				"Summary": "No validations detect from PHP/Config/Agent. This task did not run",
				"URL": "",
				"FilesToCopy": null,
				"Payload": null
			}
		},
		{
			"Identifier": {
				"Category": "Python",
				"Subcategory": "Config",
				"Name": "Agent"
			},
			"Override": false,
			"Result": {
				"Status": "None",
				"Summary": "New Relic configuration not detected for this specific agent at the location where Diagnostics CLI was ran. This will stop other health checks (targetting this agent) from running. If you are attempting to troubleshoot for this specific agent, re-run Diagnostics CLI using the command-line option '-config-file' to point to the path to this agent configuration file.",
				"URL": "",
				"FilesToCopy": null,
				"Payload": null
			}
		},
		{
			"Identifier": {
				"Category": "Python",
				"Subcategory": "Env",
				"Name": "Dependencies"
			},
			"Override": false,
			"Result": {
				"Status": "None",
				"Summary": "Python Agent not installed. This task didn't run.",
				"URL": "",
				"FilesToCopy": null,
				"Payload": null
			}
		},
		{
			"Identifier": {
				"Category": "Python",
				"Subcategory": "Requirements",
				"Name": "Webframework"
			},
			"Override": false,
			"Result": {
				"Status": "None",
				"Summary": "No dependencies found. This task didn't run.",
				"URL": "",
				"FilesToCopy": null,
				"Payload": null
			}
		},
		{
			"Identifier": {
				"Category": "Ruby",
				"Subcategory": "Config",
				"Name": "IncompatibleGems"
			},
			"Override": false,
			"Result": {
				"Status": "Success",
				"Summary": "There were no incompatible gems found.",
				"URL": "",
				"FilesToCopy": null,
				"Payload": null
			}
		},
		{
			"Identifier": {
				"Category": "Infra",
				"Subcategory": "Env",
				"Name": "ClockSkew"
			},
			"Override": false,
			"Result": {
				"Status": "None",
				"Summary": "Unable to urls from Infra/Agent/Connect. This task did not run",
				"URL": "",
				"FilesToCopy": null,
				"Payload": null
			}
		},
		{
			"Identifier": {
				"Category": "Node",
				"Subcategory": "Env",
				"Name": "Dependencies"
			},
			"Override": false,
			"Result": {
				"Status": "None",
				"Summary": "NPM is not installed. This task did not run",
				"URL": "",
				"FilesToCopy": null,
				"Payload": null
			}
		},
		{
			"Identifier": {
				"Category": "Node",
				"Subcategory": "Agent",
				"Name": "Version"
			},
			"Override": false,
			"Result": {
				"Status": "None",
				"Summary": "Node Modules not detected. This task did not run.",
				"URL": "",
				"FilesToCopy": null,
				"Payload": null
			}
		},
		{
			"Identifier": {
				"Category": "Java",
				"Subcategory": "Agent",
				"Name": "Version"
			},
			"Override": false,
			"Result": {
				"Status": "None",
				"Summary": "Java agent not detected. Task did not run.",
				"URL": "",
				"FilesToCopy": null,
				"Payload": null
			}
		},
		{
			"Identifier": {
				"Category": "Python",
				"Subcategory": "Agent",
				"Name": "Version"
			},
			"Override": false,
			"Result": {
				"Status": "None",
				"Summary": "Python agent not detected",
				"URL": "",
				"FilesToCopy": null,
				"Payload": null
			}
		},
		{
			"Identifier": {
				"Category": "Base",
				"Subcategory": "Agent",
				"Name": "EOL"
			},
			"Override": false,
			"Result": {
				"Status": "Success",
				"Summary": "We detected 1 New Relic agent(s) running on your system:\n1 New Relic agent(s) whose version is within the scope of support",
				"URL": "https://discuss.newrelic.com/t/important-upcoming-changes-to-supported-agent-versions/72280",
				"FilesToCopy": null,
				"Payload": null
			}
		},
		{
			"Identifier": {
				"Category": "DotNetCore",
				"Subcategory": "Log",
				"Name": "LevelCollect"
			},
			"Override": false,
			"Result": {
				"Status": "None",
				"Summary": ".NET Core Agent not installed, skipping this task.",
				"URL": "",
				"FilesToCopy": null,
				"Payload": null
			}
		},
		{
			"Identifier": {
				"Category": "Python",
				"Subcategory": "Env",
				"Name": "Version"
			},
			"Override": false,
			"Result": {
				"Status": "None",
				"Summary": "Python Agent not installed. This task didn't run.",
				"URL": "",
				"FilesToCopy": null,
				"Payload": null
			}
		},
		{
			"Identifier": {
				"Category": "Browser",
				"Subcategory": "Agent",
				"Name": "Detect"
			},
			"Override": false,
			"Result": {
				"Status": "None",
				"Summary": "This task did not run because the previous task 'Browser/Agent/GetSource' either did not run or was not successful.",
				"URL": "",
				"FilesToCopy": null,
				"Payload": null
			}
		},
		{
			"Identifier": {
				"Category": "Java",
				"Subcategory": "AppServer",
				"Name": "WebSphere"
			},
			"Override": false,
			"Result": {
				"Status": "None",
				"Summary": "Websphere was not detected in this environment.",
				"URL": "",
				"FilesToCopy": null,
				"Payload": null
			}
		},
		{
			"Identifier": {
				"Category": "Python",
				"Subcategory": "Requirements",
				"Name": "PythonVersion"
			},
			"Override": false,
			"Result": {
				"Status": "None",
				"Summary": "Python version not detected. This task didn't run.",
				"URL": "",
				"FilesToCopy": null,
				"Payload": null
			}
		},
		{
			"Identifier": {
				"Category": "DotNetCore",
				"Subcategory": "Requirements",
				"Name": "ProcessorType"
			},
			"Override": false,
			"Result": {
				"Status": "None",
				"Summary": "Did not pass OS check, skipping this task.",
				"URL": "https://docs.newrelic.com/docs/agents/net-agent/getting-started/compatibility-requirements-net-core-20-agent#architecture",
				"FilesToCopy": null,
				"Payload": null
			}
		},
		{
			"Identifier": {
				"Category": "Java",
				"Subcategory": "Env",
				"Name": "Process"
			},
			"Override": false,
			"Result": {
				"Status": "None",
				"Summary": "Java agent config file was not detected on this host. This task did not run",
				"URL": "",
				"FilesToCopy": null,
				"Payload": null
			}
		},
		{
			"Identifier": {
				"Category": "DotNetCore",
				"Subcategory": "Log",
				"Name": "LevelValidate"
			},
			"Override": false,
			"Result": {
				"Status": "None",
				"Summary": ".NET Core Agent not installed, skipping this task.",
				"URL": "",
				"FilesToCopy": null,
				"Payload": null
			}
		},
		{
			"Identifier": {
				"Category": "Node",
				"Subcategory": "Requirements",
				"Name": "ProblematicModules"
			},
			"Override": false,
			"Result": {
				"Status": "None",
				"Summary": "A list of Node modules was not found. This task did not run",
				"URL": "",
				"FilesToCopy": null,
				"Payload": null
			}
		},
		{
			"Identifier": {
				"Category": "PHP",
				"Subcategory": "Daemon",
				"Name": "Running"
			},
			"Override": false,
			"Result": {
				"Status": "None",
				"Summary": "PHP Agent was not detected on this host. Skipping daemon detection.",
				"URL": "",
				"FilesToCopy": null,
				"Payload": null
			}
		},
		{
			"Identifier": {
				"Category": "DotNetCore",
				"Subcategory": "Requirements",
				"Name": "DotNetCoreVersion"
			},
			"Override": false,
			"Result": {
				"Status": "None",
				"Summary": "Did not detect .Net Core Agent as being installed, skipping this task.",
				"URL": "",
				"FilesToCopy": null,
				"Payload": null
			}
		},
		{
			"Identifier": {
				"Category": "PHP",
				"Subcategory": "Env",
				"Name": "PHPinfoCLI"
			},
			"Override": false,
			"Result": {
				"Status": "None",
				"Summary": "PHP Agent was not detected on this host. Skipping PHP info check.",
				"URL": "",
				"FilesToCopy": null,
				"Payload": null
			}
		},
		{
			"Identifier": {
				"Category": "Java",
				"Subcategory": "Config",
				"Name": "Validate"
			},
			"Override": false,
			"Result": {
				"Status": "None",
				"Summary": "Java agent not detected. This task did not run.",
				"URL": "",
				"FilesToCopy": null,
				"Payload": null
			}
		},
		{
			"Identifier": {
				"Category": "Java",
				"Subcategory": "Appserver",
				"Name": "JbossEapCheck"
			},
			"Override": false,
			"Result": {
				"Status": "None",
				"Summary": "Java config file not detected, this task didn't run",
				"URL": "https://docs.newrelic.com/docs/agents/java-agent/getting-started/compatibility-requirements-java-agent#app-web-servers",
				"FilesToCopy": null,
				"Payload": null
			}
		},
		{
			"Identifier": {
				"Category": "Base",
				"Subcategory": "Env",
				"Name": "InitSystem"
			},
			"Override": false,
			"Result": {
				"Status": "None",
				"Summary": "Task does not apply to Mac OS",
				"URL": "",
				"FilesToCopy": null,
				"Payload": null
			}
		},
		{
			"Identifier": {
				"Category": "Base",
				"Subcategory": "Config",
				"Name": "ValidateHSM"
			},
			"Override": false,
			"Result": {
				"Status": "Success",
				"Summary": "High Security Mode setting for accounts associated with found license keys match local configuration.",
				"URL": "",
				"FilesToCopy": null,
				"Payload": [
					{
						"LicenseKey": "db1867992116b92e330b7f244bbc70b703abNRAL",
						"AccountHSM": false,
						"LocalHSM": {
							"/Users/bartminczuk/Flatiron/Mod5-Project/FlySpot-Backend/config/newrelic.yml": false
						}
					}
				]
			}
		},
		{
			"Identifier": {
				"Category": "Java",
				"Subcategory": "Appserver",
				"Name": "JBossAsCheck"
			},
			"Override": false,
			"Result": {
				"Status": "None",
				"Summary": "Java/Env/Process did not pass our validation. This task did not run.",
				"URL": "",
				"FilesToCopy": null,
				"Payload": null
			}
		},
		{
			"Identifier": {
				"Category": "Java",
				"Subcategory": "JVM",
				"Name": "Permissions"
			},
			"Override": false,
			"Result": {
				"Status": "None",
				"Summary": "Java/Env/Process check did not pass. This task did not run.",
				"URL": "",
				"FilesToCopy": null,
				"Payload": null
			}
		}
	]
}